{"0.8640740320524618":{"userId":1},"0.16223063010261995":{"userId":1},"2.8192722243312285":{"userId":1},"0.11011622662204967":{"userId":1},"0.975127610084074":{"userId":1},"0.07217523866574016":{"userId":1},"0.19343398376932464":{"userId":1},"0.6983986577045085":{"userId":1},"0.06383104021705455":{"userId":1},"0.04449315834571688":{"userId":2},"0.556240067680996":{"userId":2}}