{"0.8640740320524618":{"userId":1},"0.16223063010261995":{"userId":1},"2.8192722243312285":{"userId":1},"0.11011622662204967":{"userId":1},"0.975127610084074":{"userId":1}}